hidden_layers,run,training_loss,training_time,test_loss,test_accuracy,test_time
1,0,0.12282843142747879,7.683199261,0.13872694637237232,95.77,0.832283927
1,1,0.13760171830654144,7.50407557,0.13797291758797037,96.02,0.822748211
1,2,0.07698232680559158,6.975088776,0.15105254598104373,95.64,0.832048249
3,0,0.043998755514621735,13.946876063,0.12640130767658084,96.27,1.3205276910000001
3,1,0.036711324006319046,14.156191022,0.10782795362300035,96.76,1.312832426
