hidden_layers,run,training_loss,training_time,test_loss,test_accuracy,test_time
1,0,0.11172304302453995,7.588108027,0.14018207124416932,95.93,0.452692592
1,1,0.08695409446954727,7.325871558,0.1332956696966381,96.22,0.453348733
