hidden_layers,run,training_loss,training_time,test_loss,test_accuracy,test_time
1,0,0.1913105696439743,2.432512334,0.14872098214358576,95.63,0.782196877
1,1,0.07501396536827087,2.331729907,0.14147829921769994,95.65,0.791308836
1,2,0.13594967126846313,2.436444206,0.1251273849983079,96.2,0.784746035
3,0,0.05326637253165245,4.544703649,0.11980209923483842,96.43,1.217933107
3,1,0.09338770806789398,4.19766978,0.1171740675618265,96.82,1.224076725
